elapsedSeconds,activeConnections,queryConnections,states,error
0.001,1,0,Sleep::,
1.016,1,1,"Query:executing:SELECT d.*, r.result_hash AS run_result_hash, b.output_hash AS batch_output_hash
        FROM em_prediction_display d
        LEFT JOIN em_prediction_run r ON r",
2.03,1,1,"Query:executing:SELECT d.*, r.result_hash AS run_result_hash, b.output_hash AS batch_output_hash
        FROM em_prediction_display d
        LEFT JOIN em_prediction_run r ON r",
3.045,1,1,"Query:executing:SELECT d.*, r.result_hash AS run_result_hash, b.output_hash AS batch_output_hash
        FROM em_prediction_display d
        LEFT JOIN em_prediction_run r ON r",
4.058,1,1,"Query:executing:SELECT d.*, r.result_hash AS run_result_hash, b.output_hash AS batch_output_hash
        FROM em_prediction_display d
        LEFT JOIN em_prediction_run r ON r",
5.076,1,1,"Query:executing:SELECT d.*, r.result_hash AS run_result_hash, b.output_hash AS batch_output_hash
        FROM em_prediction_display d
        LEFT JOIN em_prediction_run r ON r",
7.445,1,1,"Query:executing:SELECT d.*, r.result_hash AS run_result_hash, b.output_hash AS batch_output_hash
        FROM em_prediction_display d
        LEFT JOIN em_prediction_run r ON r",
8.453,1,1,"Query:executing:SELECT d.*, r.result_hash AS run_result_hash, b.output_hash AS batch_output_hash
        FROM em_prediction_display d
        LEFT JOIN em_prediction_run r ON r",
9.471,1,1,"Query:executing:SELECT d.*, r.result_hash AS run_result_hash, b.output_hash AS batch_output_hash
        FROM em_prediction_display d
        LEFT JOIN em_prediction_run r ON r",
10.483,1,1,"Query:executing:SELECT d.*, r.result_hash AS run_result_hash, b.output_hash AS batch_output_hash
        FROM em_prediction_display d
        LEFT JOIN em_prediction_run r ON r",
11.503,1,1,"Query:executing:SELECT d.*, r.result_hash AS run_result_hash, b.output_hash AS batch_output_hash
        FROM em_prediction_display d
        LEFT JOIN em_prediction_run r ON r",
12.517,1,1,"Query:executing:SELECT d.*, r.result_hash AS run_result_hash, b.output_hash AS batch_output_hash
        FROM em_prediction_display d
        LEFT JOIN em_prediction_run r ON r",
13.538,1,1,"Query:executing:SELECT d.*, r.result_hash AS run_result_hash, b.output_hash AS batch_output_hash
        FROM em_prediction_display d
        LEFT JOIN em_prediction_run r ON r",
14.556,1,1,"Query:executing:SELECT d.*, r.result_hash AS run_result_hash, b.output_hash AS batch_output_hash
        FROM em_prediction_display d
        LEFT JOIN em_prediction_run r ON r",
15.571,1,1,"Query:executing:SELECT d.*, r.result_hash AS run_result_hash, b.output_hash AS batch_output_hash
        FROM em_prediction_display d
        LEFT JOIN em_prediction_run r ON r",
17.495,1,1,"Query:executing:SELECT d.*, r.result_hash AS run_result_hash, b.output_hash AS batch_output_hash
        FROM em_prediction_display d
        LEFT JOIN em_prediction_run r ON r",
18.507,1,1,"Query:executing:SELECT d.*, r.result_hash AS run_result_hash, b.output_hash AS batch_output_hash
        FROM em_prediction_display d
        LEFT JOIN em_prediction_run r ON r",
19.517,1,1,"Query:executing:SELECT d.*, r.result_hash AS run_result_hash, b.output_hash AS batch_output_hash
        FROM em_prediction_display d
        LEFT JOIN em_prediction_run r ON r",
20.531,1,1,"Query:executing:SELECT d.*, r.result_hash AS run_result_hash, b.output_hash AS batch_output_hash
        FROM em_prediction_display d
        LEFT JOIN em_prediction_run r ON r",
21.539,1,1,"Query:executing:SELECT d.*, r.result_hash AS run_result_hash, b.output_hash AS batch_output_hash
        FROM em_prediction_display d
        LEFT JOIN em_prediction_run r ON r",
22.56,1,1,"Query:executing:SELECT d.*, r.result_hash AS run_result_hash, b.output_hash AS batch_output_hash
        FROM em_prediction_display d
        LEFT JOIN em_prediction_run r ON r",
23.582,1,1,"Query:executing:SELECT d.*, r.result_hash AS run_result_hash, b.output_hash AS batch_output_hash
        FROM em_prediction_display d
        LEFT JOIN em_prediction_run r ON r",
24.6,1,1,"Query:executing:SELECT d.*, r.result_hash AS run_result_hash, b.output_hash AS batch_output_hash
        FROM em_prediction_display d
        LEFT JOIN em_prediction_run r ON r",
25.621,1,1,"Query:executing:SELECT d.*, r.result_hash AS run_result_hash, b.output_hash AS batch_output_hash
        FROM em_prediction_display d
        LEFT JOIN em_prediction_run r ON r",
26.642,1,1,"Query:executing:SELECT d.*, r.result_hash AS run_result_hash, b.output_hash AS batch_output_hash
        FROM em_prediction_display d
        LEFT JOIN em_prediction_run r ON r",
27.651,1,1,"Query:executing:SELECT d.*, r.result_hash AS run_result_hash, b.output_hash AS batch_output_hash
        FROM em_prediction_display d
        LEFT JOIN em_prediction_run r ON r",
28.665,1,1,"Query:executing:SELECT d.*, r.result_hash AS run_result_hash, b.output_hash AS batch_output_hash
        FROM em_prediction_display d
        LEFT JOIN em_prediction_run r ON r",
29.684,1,1,"Query:executing:SELECT d.*, r.result_hash AS run_result_hash, b.output_hash AS batch_output_hash
        FROM em_prediction_display d
        LEFT JOIN em_prediction_run r ON r",
30.698,1,1,"Query:executing:SELECT d.*, r.result_hash AS run_result_hash, b.output_hash AS batch_output_hash
        FROM em_prediction_display d
        LEFT JOIN em_prediction_run r ON r",
32.545,1,1,"Query:executing:SELECT d.*, r.result_hash AS run_result_hash, b.output_hash AS batch_output_hash
        FROM em_prediction_display d
        LEFT JOIN em_prediction_run r ON r",
33.556,1,1,"Query:executing:SELECT d.*, r.result_hash AS run_result_hash, b.output_hash AS batch_output_hash
        FROM em_prediction_display d
        LEFT JOIN em_prediction_run r ON r",
34.571,1,1,"Query:executing:SELECT d.*, r.result_hash AS run_result_hash, b.output_hash AS batch_output_hash
        FROM em_prediction_display d
        LEFT JOIN em_prediction_run r ON r",
35.586,1,1,"Query:executing:SELECT d.*, r.result_hash AS run_result_hash, b.output_hash AS batch_output_hash
        FROM em_prediction_display d
        LEFT JOIN em_prediction_run r ON r",
36.601,1,1,"Query:executing:SELECT d.*, r.result_hash AS run_result_hash, b.output_hash AS batch_output_hash
        FROM em_prediction_display d
        LEFT JOIN em_prediction_run r ON r",
37.614,1,1,"Query:executing:SELECT d.*, r.result_hash AS run_result_hash, b.output_hash AS batch_output_hash
        FROM em_prediction_display d
        LEFT JOIN em_prediction_run r ON r",
38.632,1,1,"Query:executing:SELECT d.*, r.result_hash AS run_result_hash, b.output_hash AS batch_output_hash
        FROM em_prediction_display d
        LEFT JOIN em_prediction_run r ON r",
39.644,1,1,"Query:executing:SELECT d.*, r.result_hash AS run_result_hash, b.output_hash AS batch_output_hash
        FROM em_prediction_display d
        LEFT JOIN em_prediction_run r ON r",
40.666,1,1,"Query:executing:SELECT d.*, r.result_hash AS run_result_hash, b.output_hash AS batch_output_hash
        FROM em_prediction_display d
        LEFT JOIN em_prediction_run r ON r",
41.686,1,1,"Query:executing:SELECT d.*, r.result_hash AS run_result_hash, b.output_hash AS batch_output_hash
        FROM em_prediction_display d
        LEFT JOIN em_prediction_run r ON r",
42.703,1,1,"Query:executing:SELECT d.*, r.result_hash AS run_result_hash, b.output_hash AS batch_output_hash
        FROM em_prediction_display d
        LEFT JOIN em_prediction_run r ON r",
43.712,1,1,"Query:executing:SELECT d.*, r.result_hash AS run_result_hash, b.output_hash AS batch_output_hash
        FROM em_prediction_display d
        LEFT JOIN em_prediction_run r ON r",
44.725,1,1,"Query:executing:SELECT d.*, r.result_hash AS run_result_hash, b.output_hash AS batch_output_hash
        FROM em_prediction_display d
        LEFT JOIN em_prediction_run r ON r",
45.741,1,1,"Query:executing:SELECT d.*, r.result_hash AS run_result_hash, b.output_hash AS batch_output_hash
        FROM em_prediction_display d
        LEFT JOIN em_prediction_run r ON r",
46.755,1,1,"Query:executing:SELECT d.*, r.result_hash AS run_result_hash, b.output_hash AS batch_output_hash
        FROM em_prediction_display d
        LEFT JOIN em_prediction_run r ON r",
47.767,1,1,"Query:executing:SELECT d.*, r.result_hash AS run_result_hash, b.output_hash AS batch_output_hash
        FROM em_prediction_display d
        LEFT JOIN em_prediction_run r ON r",
48.778,1,1,"Query:executing:SELECT d.*, r.result_hash AS run_result_hash, b.output_hash AS batch_output_hash
        FROM em_prediction_display d
        LEFT JOIN em_prediction_run r ON r",
49.793,1,1,"Query:executing:SELECT d.*, r.result_hash AS run_result_hash, b.output_hash AS batch_output_hash
        FROM em_prediction_display d
        LEFT JOIN em_prediction_run r ON r",
50.807,1,1,"Query:executing:SELECT d.*, r.result_hash AS run_result_hash, b.output_hash AS batch_output_hash
        FROM em_prediction_display d
        LEFT JOIN em_prediction_run r ON r",
51.822,1,1,"Query:executing:SELECT d.*, r.result_hash AS run_result_hash, b.output_hash AS batch_output_hash
        FROM em_prediction_display d
        LEFT JOIN em_prediction_run r ON r",
52.842,1,1,"Query:executing:SELECT d.*, r.result_hash AS run_result_hash, b.output_hash AS batch_output_hash
        FROM em_prediction_display d
        LEFT JOIN em_prediction_run r ON r",
53.855,1,1,"Query:executing:SELECT d.*, r.result_hash AS run_result_hash, b.output_hash AS batch_output_hash
        FROM em_prediction_display d
        LEFT JOIN em_prediction_run r ON r",
54.874,1,1,"Query:executing:SELECT d.*, r.result_hash AS run_result_hash, b.output_hash AS batch_output_hash
        FROM em_prediction_display d
        LEFT JOIN em_prediction_run r ON r",
55.895,1,1,"Query:executing:SELECT d.*, r.result_hash AS run_result_hash, b.output_hash AS batch_output_hash
        FROM em_prediction_display d
        LEFT JOIN em_prediction_run r ON r",
56.904,1,1,"Query:executing:SELECT d.*, r.result_hash AS run_result_hash, b.output_hash AS batch_output_hash
        FROM em_prediction_display d
        LEFT JOIN em_prediction_run r ON r",
57.923,1,1,"Query:executing:SELECT d.*, r.result_hash AS run_result_hash, b.output_hash AS batch_output_hash
        FROM em_prediction_display d
        LEFT JOIN em_prediction_run r ON r",
58.941,1,1,"Query:executing:SELECT d.*, r.result_hash AS run_result_hash, b.output_hash AS batch_output_hash
        FROM em_prediction_display d
        LEFT JOIN em_prediction_run r ON r",
59.963,1,1,"Query:executing:SELECT d.*, r.result_hash AS run_result_hash, b.output_hash AS batch_output_hash
        FROM em_prediction_display d
        LEFT JOIN em_prediction_run r ON r",
60.983,1,1,"Query:executing:SELECT d.*, r.result_hash AS run_result_hash, b.output_hash AS batch_output_hash
        FROM em_prediction_display d
        LEFT JOIN em_prediction_run r ON r",
63.177,1,1,"Query:executing:SELECT d.*, r.result_hash AS run_result_hash, b.output_hash AS batch_output_hash
        FROM em_prediction_display d
        LEFT JOIN em_prediction_run r ON r",
64.197,1,1,"Query:executing:SELECT d.*, r.result_hash AS run_result_hash, b.output_hash AS batch_output_hash
        FROM em_prediction_display d
        LEFT JOIN em_prediction_run r ON r",
65.215,1,1,"Query:executing:SELECT d.*, r.result_hash AS run_result_hash, b.output_hash AS batch_output_hash
        FROM em_prediction_display d
        LEFT JOIN em_prediction_run r ON r",
66.23,1,1,"Query:executing:SELECT d.*, r.result_hash AS run_result_hash, b.output_hash AS batch_output_hash
        FROM em_prediction_display d
        LEFT JOIN em_prediction_run r ON r",
67.25,1,1,"Query:executing:SELECT d.*, r.result_hash AS run_result_hash, b.output_hash AS batch_output_hash
        FROM em_prediction_display d
        LEFT JOIN em_prediction_run r ON r",
68.279,1,1,"Query:executing:SELECT d.*, r.result_hash AS run_result_hash, b.output_hash AS batch_output_hash
        FROM em_prediction_display d
        LEFT JOIN em_prediction_run r ON r",
69.3,1,1,"Query:executing:SELECT d.*, r.result_hash AS run_result_hash, b.output_hash AS batch_output_hash
        FROM em_prediction_display d
        LEFT JOIN em_prediction_run r ON r",
70.318,1,1,"Query:executing:SELECT d.*, r.result_hash AS run_result_hash, b.output_hash AS batch_output_hash
        FROM em_prediction_display d
        LEFT JOIN em_prediction_run r ON r",
71.339,1,1,"Query:executing:SELECT d.*, r.result_hash AS run_result_hash, b.output_hash AS batch_output_hash
        FROM em_prediction_display d
        LEFT JOIN em_prediction_run r ON r",
72.357,1,1,"Query:executing:SELECT d.*, r.result_hash AS run_result_hash, b.output_hash AS batch_output_hash
        FROM em_prediction_display d
        LEFT JOIN em_prediction_run r ON r",
73.377,1,1,"Query:executing:SELECT d.*, r.result_hash AS run_result_hash, b.output_hash AS batch_output_hash
        FROM em_prediction_display d
        LEFT JOIN em_prediction_run r ON r",
74.39,1,1,"Query:executing:SELECT d.*, r.result_hash AS run_result_hash, b.output_hash AS batch_output_hash
        FROM em_prediction_display d
        LEFT JOIN em_prediction_run r ON r",
75.414,1,1,"Query:executing:SELECT d.*, r.result_hash AS run_result_hash, b.output_hash AS batch_output_hash
        FROM em_prediction_display d
        LEFT JOIN em_prediction_run r ON r",
76.437,1,1,"Query:executing:SELECT d.*, r.result_hash AS run_result_hash, b.output_hash AS batch_output_hash
        FROM em_prediction_display d
        LEFT JOIN em_prediction_run r ON r",
77.448,1,1,"Query:executing:SELECT d.*, r.result_hash AS run_result_hash, b.output_hash AS batch_output_hash
        FROM em_prediction_display d
        LEFT JOIN em_prediction_run r ON r",
78.464,1,1,"Query:executing:SELECT d.*, r.result_hash AS run_result_hash, b.output_hash AS batch_output_hash
        FROM em_prediction_display d
        LEFT JOIN em_prediction_run r ON r",
79.48,1,1,"Query:executing:SELECT d.*, r.result_hash AS run_result_hash, b.output_hash AS batch_output_hash
        FROM em_prediction_display d
        LEFT JOIN em_prediction_run r ON r",
80.499,1,1,"Query:executing:SELECT d.*, r.result_hash AS run_result_hash, b.output_hash AS batch_output_hash
        FROM em_prediction_display d
        LEFT JOIN em_prediction_run r ON r",
81.51,1,1,"Query:executing:SELECT d.*, r.result_hash AS run_result_hash, b.output_hash AS batch_output_hash
        FROM em_prediction_display d
        LEFT JOIN em_prediction_run r ON r",
82.527,1,1,"Query:executing:SELECT d.*, r.result_hash AS run_result_hash, b.output_hash AS batch_output_hash
        FROM em_prediction_display d
        LEFT JOIN em_prediction_run r ON r",
83.542,1,1,"Query:executing:SELECT d.*, r.result_hash AS run_result_hash, b.output_hash AS batch_output_hash
        FROM em_prediction_display d
        LEFT JOIN em_prediction_run r ON r",
84.556,1,1,"Query:executing:SELECT d.*, r.result_hash AS run_result_hash, b.output_hash AS batch_output_hash
        FROM em_prediction_display d
        LEFT JOIN em_prediction_run r ON r",
85.578,1,1,"Query:executing:SELECT d.*, r.result_hash AS run_result_hash, b.output_hash AS batch_output_hash
        FROM em_prediction_display d
        LEFT JOIN em_prediction_run r ON r",
86.606,1,1,"Query:executing:SELECT d.*, r.result_hash AS run_result_hash, b.output_hash AS batch_output_hash
        FROM em_prediction_display d
        LEFT JOIN em_prediction_run r ON r",
87.622,1,1,"Query:executing:SELECT d.*, r.result_hash AS run_result_hash, b.output_hash AS batch_output_hash
        FROM em_prediction_display d
        LEFT JOIN em_prediction_run r ON r",
88.652,1,1,"Query:executing:SELECT d.*, r.result_hash AS run_result_hash, b.output_hash AS batch_output_hash
        FROM em_prediction_display d
        LEFT JOIN em_prediction_run r ON r",
89.665,1,1,"Query:executing:SELECT d.*, r.result_hash AS run_result_hash, b.output_hash AS batch_output_hash
        FROM em_prediction_display d
        LEFT JOIN em_prediction_run r ON r",
90.676,1,1,"Query:executing:SELECT d.*, r.result_hash AS run_result_hash, b.output_hash AS batch_output_hash
        FROM em_prediction_display d
        LEFT JOIN em_prediction_run r ON r",
91.686,1,1,"Query:executing:SELECT d.*, r.result_hash AS run_result_hash, b.output_hash AS batch_output_hash
        FROM em_prediction_display d
        LEFT JOIN em_prediction_run r ON r",
92.702,1,1,"Query:executing:SELECT d.*, r.result_hash AS run_result_hash, b.output_hash AS batch_output_hash
        FROM em_prediction_display d
        LEFT JOIN em_prediction_run r ON r",
93.715,1,1,"Query:executing:SELECT d.*, r.result_hash AS run_result_hash, b.output_hash AS batch_output_hash
        FROM em_prediction_display d
        LEFT JOIN em_prediction_run r ON r",
94.731,1,1,"Query:executing:SELECT d.*, r.result_hash AS run_result_hash, b.output_hash AS batch_output_hash
        FROM em_prediction_display d
        LEFT JOIN em_prediction_run r ON r",
95.754,1,1,"Query:executing:SELECT d.*, r.result_hash AS run_result_hash, b.output_hash AS batch_output_hash
        FROM em_prediction_display d
        LEFT JOIN em_prediction_run r ON r",
96.762,1,1,"Query:executing:SELECT d.*, r.result_hash AS run_result_hash, b.output_hash AS batch_output_hash
        FROM em_prediction_display d
        LEFT JOIN em_prediction_run r ON r",
97.775,1,1,"Query:executing:SELECT d.*, r.result_hash AS run_result_hash, b.output_hash AS batch_output_hash
        FROM em_prediction_display d
        LEFT JOIN em_prediction_run r ON r",
98.789,1,1,"Query:executing:SELECT d.*, r.result_hash AS run_result_hash, b.output_hash AS batch_output_hash
        FROM em_prediction_display d
        LEFT JOIN em_prediction_run r ON r",
99.804,1,1,"Query:executing:SELECT d.*, r.result_hash AS run_result_hash, b.output_hash AS batch_output_hash
        FROM em_prediction_display d
        LEFT JOIN em_prediction_run r ON r",
100.818,1,1,"Query:executing:SELECT d.*, r.result_hash AS run_result_hash, b.output_hash AS batch_output_hash
        FROM em_prediction_display d
        LEFT JOIN em_prediction_run r ON r",
101.831,1,1,"Query:executing:SELECT d.*, r.result_hash AS run_result_hash, b.output_hash AS batch_output_hash
        FROM em_prediction_display d
        LEFT JOIN em_prediction_run r ON r",
102.846,1,1,"Query:executing:SELECT d.*, r.result_hash AS run_result_hash, b.output_hash AS batch_output_hash
        FROM em_prediction_display d
        LEFT JOIN em_prediction_run r ON r",
103.859,1,1,"Query:executing:SELECT d.*, r.result_hash AS run_result_hash, b.output_hash AS batch_output_hash
        FROM em_prediction_display d
        LEFT JOIN em_prediction_run r ON r",
104.871,1,1,"Query:executing:SELECT d.*, r.result_hash AS run_result_hash, b.output_hash AS batch_output_hash
        FROM em_prediction_display d
        LEFT JOIN em_prediction_run r ON r",
105.885,1,1,"Query:executing:SELECT d.*, r.result_hash AS run_result_hash, b.output_hash AS batch_output_hash
        FROM em_prediction_display d
        LEFT JOIN em_prediction_run r ON r",
106.905,1,1,"Query:executing:SELECT d.*, r.result_hash AS run_result_hash, b.output_hash AS batch_output_hash
        FROM em_prediction_display d
        LEFT JOIN em_prediction_run r ON r",
107.934,1,1,"Query:executing:SELECT d.*, r.result_hash AS run_result_hash, b.output_hash AS batch_output_hash
        FROM em_prediction_display d
        LEFT JOIN em_prediction_run r ON r",
108.948,1,1,"Query:executing:SELECT d.*, r.result_hash AS run_result_hash, b.output_hash AS batch_output_hash
        FROM em_prediction_display d
        LEFT JOIN em_prediction_run r ON r",
109.963,1,1,"Query:executing:SELECT d.*, r.result_hash AS run_result_hash, b.output_hash AS batch_output_hash
        FROM em_prediction_display d
        LEFT JOIN em_prediction_run r ON r",
110.976,1,1,"Query:executing:SELECT d.*, r.result_hash AS run_result_hash, b.output_hash AS batch_output_hash
        FROM em_prediction_display d
        LEFT JOIN em_prediction_run r ON r",
111.988,1,1,"Query:executing:SELECT d.*, r.result_hash AS run_result_hash, b.output_hash AS batch_output_hash
        FROM em_prediction_display d
        LEFT JOIN em_prediction_run r ON r",
113.0,1,1,"Query:executing:SELECT d.*, r.result_hash AS run_result_hash, b.output_hash AS batch_output_hash
        FROM em_prediction_display d
        LEFT JOIN em_prediction_run r ON r",
114.016,1,1,"Query:executing:SELECT d.*, r.result_hash AS run_result_hash, b.output_hash AS batch_output_hash
        FROM em_prediction_display d
        LEFT JOIN em_prediction_run r ON r",
115.043,1,1,"Query:executing:SELECT d.*, r.result_hash AS run_result_hash, b.output_hash AS batch_output_hash
        FROM em_prediction_display d
        LEFT JOIN em_prediction_run r ON r",
116.056,1,1,"Query:executing:SELECT d.*, r.result_hash AS run_result_hash, b.output_hash AS batch_output_hash
        FROM em_prediction_display d
        LEFT JOIN em_prediction_run r ON r",
117.077,1,1,"Query:executing:SELECT d.*, r.result_hash AS run_result_hash, b.output_hash AS batch_output_hash
        FROM em_prediction_display d
        LEFT JOIN em_prediction_run r ON r",
118.103,1,1,"Query:executing:SELECT d.*, r.result_hash AS run_result_hash, b.output_hash AS batch_output_hash
        FROM em_prediction_display d
        LEFT JOIN em_prediction_run r ON r",
119.118,1,1,"Query:executing:SELECT d.*, r.result_hash AS run_result_hash, b.output_hash AS batch_output_hash
        FROM em_prediction_display d
        LEFT JOIN em_prediction_run r ON r",
120.146,1,1,"Query:executing:SELECT d.*, r.result_hash AS run_result_hash, b.output_hash AS batch_output_hash
        FROM em_prediction_display d
        LEFT JOIN em_prediction_run r ON r",
122.377,1,1,"Query:executing:SELECT d.*, r.result_hash AS run_result_hash, b.output_hash AS batch_output_hash
        FROM em_prediction_display d
        LEFT JOIN em_prediction_run r ON r",
123.4,1,1,"Query:executing:SELECT d.*, r.result_hash AS run_result_hash, b.output_hash AS batch_output_hash
        FROM em_prediction_display d
        LEFT JOIN em_prediction_run r ON r",
124.422,1,1,"Query:executing:SELECT d.*, r.result_hash AS run_result_hash, b.output_hash AS batch_output_hash
        FROM em_prediction_display d
        LEFT JOIN em_prediction_run r ON r",
125.444,1,1,"Query:executing:SELECT d.*, r.result_hash AS run_result_hash, b.output_hash AS batch_output_hash
        FROM em_prediction_display d
        LEFT JOIN em_prediction_run r ON r",
126.461,1,1,"Query:executing:SELECT d.*, r.result_hash AS run_result_hash, b.output_hash AS batch_output_hash
        FROM em_prediction_display d
        LEFT JOIN em_prediction_run r ON r",
127.477,1,1,"Query:executing:SELECT d.*, r.result_hash AS run_result_hash, b.output_hash AS batch_output_hash
        FROM em_prediction_display d
        LEFT JOIN em_prediction_run r ON r",
128.491,1,1,"Query:executing:SELECT d.*, r.result_hash AS run_result_hash, b.output_hash AS batch_output_hash
        FROM em_prediction_display d
        LEFT JOIN em_prediction_run r ON r",
129.504,1,1,"Query:executing:SELECT d.*, r.result_hash AS run_result_hash, b.output_hash AS batch_output_hash
        FROM em_prediction_display d
        LEFT JOIN em_prediction_run r ON r",
130.526,1,1,"Query:executing:SELECT d.*, r.result_hash AS run_result_hash, b.output_hash AS batch_output_hash
        FROM em_prediction_display d
        LEFT JOIN em_prediction_run r ON r",
131.55,1,1,"Query:executing:SELECT d.*, r.result_hash AS run_result_hash, b.output_hash AS batch_output_hash
        FROM em_prediction_display d
        LEFT JOIN em_prediction_run r ON r",
132.567,1,1,"Query:executing:SELECT d.*, r.result_hash AS run_result_hash, b.output_hash AS batch_output_hash
        FROM em_prediction_display d
        LEFT JOIN em_prediction_run r ON r",
133.587,1,1,"Query:executing:SELECT d.*, r.result_hash AS run_result_hash, b.output_hash AS batch_output_hash
        FROM em_prediction_display d
        LEFT JOIN em_prediction_run r ON r",
134.597,1,1,"Query:executing:SELECT d.*, r.result_hash AS run_result_hash, b.output_hash AS batch_output_hash
        FROM em_prediction_display d
        LEFT JOIN em_prediction_run r ON r",
135.611,1,1,"Query:executing:SELECT d.*, r.result_hash AS run_result_hash, b.output_hash AS batch_output_hash
        FROM em_prediction_display d
        LEFT JOIN em_prediction_run r ON r",
136.624,1,1,"Query:executing:SELECT d.*, r.result_hash AS run_result_hash, b.output_hash AS batch_output_hash
        FROM em_prediction_display d
        LEFT JOIN em_prediction_run r ON r",
137.637,1,1,"Query:executing:SELECT d.*, r.result_hash AS run_result_hash, b.output_hash AS batch_output_hash
        FROM em_prediction_display d
        LEFT JOIN em_prediction_run r ON r",
138.647,1,1,"Query:executing:SELECT d.*, r.result_hash AS run_result_hash, b.output_hash AS batch_output_hash
        FROM em_prediction_display d
        LEFT JOIN em_prediction_run r ON r",
139.662,1,1,"Query:executing:SELECT d.*, r.result_hash AS run_result_hash, b.output_hash AS batch_output_hash
        FROM em_prediction_display d
        LEFT JOIN em_prediction_run r ON r",
140.674,1,1,"Query:executing:SELECT d.*, r.result_hash AS run_result_hash, b.output_hash AS batch_output_hash
        FROM em_prediction_display d
        LEFT JOIN em_prediction_run r ON r",
141.684,1,1,"Query:executing:SELECT d.*, r.result_hash AS run_result_hash, b.output_hash AS batch_output_hash
        FROM em_prediction_display d
        LEFT JOIN em_prediction_run r ON r",
142.693,1,1,"Query:executing:SELECT d.*, r.result_hash AS run_result_hash, b.output_hash AS batch_output_hash
        FROM em_prediction_display d
        LEFT JOIN em_prediction_run r ON r",
143.709,1,1,"Query:executing:SELECT d.*, r.result_hash AS run_result_hash, b.output_hash AS batch_output_hash
        FROM em_prediction_display d
        LEFT JOIN em_prediction_run r ON r",
144.72,1,1,"Query:executing:SELECT d.*, r.result_hash AS run_result_hash, b.output_hash AS batch_output_hash
        FROM em_prediction_display d
        LEFT JOIN em_prediction_run r ON r",
145.734,1,1,"Query:executing:SELECT d.*, r.result_hash AS run_result_hash, b.output_hash AS batch_output_hash
        FROM em_prediction_display d
        LEFT JOIN em_prediction_run r ON r",
146.746,1,1,"Query:executing:SELECT d.*, r.result_hash AS run_result_hash, b.output_hash AS batch_output_hash
        FROM em_prediction_display d
        LEFT JOIN em_prediction_run r ON r",
147.764,1,1,"Query:executing:SELECT d.*, r.result_hash AS run_result_hash, b.output_hash AS batch_output_hash
        FROM em_prediction_display d
        LEFT JOIN em_prediction_run r ON r",
148.789,1,1,"Query:executing:SELECT d.*, r.result_hash AS run_result_hash, b.output_hash AS batch_output_hash
        FROM em_prediction_display d
        LEFT JOIN em_prediction_run r ON r",
149.798,1,1,"Query:executing:SELECT d.*, r.result_hash AS run_result_hash, b.output_hash AS batch_output_hash
        FROM em_prediction_display d
        LEFT JOIN em_prediction_run r ON r",
150.811,1,1,"Query:executing:SELECT d.*, r.result_hash AS run_result_hash, b.output_hash AS batch_output_hash
        FROM em_prediction_display d
        LEFT JOIN em_prediction_run r ON r",
151.827,1,1,"Query:executing:SELECT d.*, r.result_hash AS run_result_hash, b.output_hash AS batch_output_hash
        FROM em_prediction_display d
        LEFT JOIN em_prediction_run r ON r",
152.84,1,1,"Query:executing:SELECT d.*, r.result_hash AS run_result_hash, b.output_hash AS batch_output_hash
        FROM em_prediction_display d
        LEFT JOIN em_prediction_run r ON r",
153.855,1,1,"Query:executing:SELECT d.*, r.result_hash AS run_result_hash, b.output_hash AS batch_output_hash
        FROM em_prediction_display d
        LEFT JOIN em_prediction_run r ON r",
154.866,1,1,"Query:executing:SELECT d.*, r.result_hash AS run_result_hash, b.output_hash AS batch_output_hash
        FROM em_prediction_display d
        LEFT JOIN em_prediction_run r ON r",
155.877,1,1,"Query:executing:SELECT d.*, r.result_hash AS run_result_hash, b.output_hash AS batch_output_hash
        FROM em_prediction_display d
        LEFT JOIN em_prediction_run r ON r",
156.889,1,1,"Query:executing:SELECT d.*, r.result_hash AS run_result_hash, b.output_hash AS batch_output_hash
        FROM em_prediction_display d
        LEFT JOIN em_prediction_run r ON r",
157.899,1,1,"Query:executing:SELECT d.*, r.result_hash AS run_result_hash, b.output_hash AS batch_output_hash
        FROM em_prediction_display d
        LEFT JOIN em_prediction_run r ON r",
158.909,1,1,"Query:executing:SELECT d.*, r.result_hash AS run_result_hash, b.output_hash AS batch_output_hash
        FROM em_prediction_display d
        LEFT JOIN em_prediction_run r ON r",
159.921,1,1,"Query:executing:SELECT d.*, r.result_hash AS run_result_hash, b.output_hash AS batch_output_hash
        FROM em_prediction_display d
        LEFT JOIN em_prediction_run r ON r",
160.936,1,1,"Query:executing:SELECT d.*, r.result_hash AS run_result_hash, b.output_hash AS batch_output_hash
        FROM em_prediction_display d
        LEFT JOIN em_prediction_run r ON r",
161.964,1,1,"Query:executing:SELECT d.*, r.result_hash AS run_result_hash, b.output_hash AS batch_output_hash
        FROM em_prediction_display d
        LEFT JOIN em_prediction_run r ON r",
162.976,1,1,"Query:executing:SELECT d.*, r.result_hash AS run_result_hash, b.output_hash AS batch_output_hash
        FROM em_prediction_display d
        LEFT JOIN em_prediction_run r ON r",
163.988,1,1,"Query:executing:SELECT d.*, r.result_hash AS run_result_hash, b.output_hash AS batch_output_hash
        FROM em_prediction_display d
        LEFT JOIN em_prediction_run r ON r",
164.995,1,1,"Query:executing:SELECT d.*, r.result_hash AS run_result_hash, b.output_hash AS batch_output_hash
        FROM em_prediction_display d
        LEFT JOIN em_prediction_run r ON r",
166.008,1,1,"Query:executing:SELECT d.*, r.result_hash AS run_result_hash, b.output_hash AS batch_output_hash
        FROM em_prediction_display d
        LEFT JOIN em_prediction_run r ON r",
167.021,1,1,"Query:executing:SELECT d.*, r.result_hash AS run_result_hash, b.output_hash AS batch_output_hash
        FROM em_prediction_display d
        LEFT JOIN em_prediction_run r ON r",
168.031,1,1,"Query:executing:SELECT d.*, r.result_hash AS run_result_hash, b.output_hash AS batch_output_hash
        FROM em_prediction_display d
        LEFT JOIN em_prediction_run r ON r",
169.044,1,1,"Query:executing:SELECT d.*, r.result_hash AS run_result_hash, b.output_hash AS batch_output_hash
        FROM em_prediction_display d
        LEFT JOIN em_prediction_run r ON r",
170.054,1,1,"Query:executing:SELECT d.*, r.result_hash AS run_result_hash, b.output_hash AS batch_output_hash
        FROM em_prediction_display d
        LEFT JOIN em_prediction_run r ON r",
171.063,1,1,"Query:executing:SELECT d.*, r.result_hash AS run_result_hash, b.output_hash AS batch_output_hash
        FROM em_prediction_display d
        LEFT JOIN em_prediction_run r ON r",
172.078,1,1,"Query:executing:SELECT d.*, r.result_hash AS run_result_hash, b.output_hash AS batch_output_hash
        FROM em_prediction_display d
        LEFT JOIN em_prediction_run r ON r",
173.091,1,1,"Query:executing:SELECT d.*, r.result_hash AS run_result_hash, b.output_hash AS batch_output_hash
        FROM em_prediction_display d
        LEFT JOIN em_prediction_run r ON r",
174.101,1,1,"Query:executing:SELECT d.*, r.result_hash AS run_result_hash, b.output_hash AS batch_output_hash
        FROM em_prediction_display d
        LEFT JOIN em_prediction_run r ON r",
175.112,1,1,"Query:executing:SELECT d.*, r.result_hash AS run_result_hash, b.output_hash AS batch_output_hash
        FROM em_prediction_display d
        LEFT JOIN em_prediction_run r ON r",
176.124,1,1,"Query:executing:SELECT d.*, r.result_hash AS run_result_hash, b.output_hash AS batch_output_hash
        FROM em_prediction_display d
        LEFT JOIN em_prediction_run r ON r",
177.139,1,1,"Query:executing:SELECT d.*, r.result_hash AS run_result_hash, b.output_hash AS batch_output_hash
        FROM em_prediction_display d
        LEFT JOIN em_prediction_run r ON r",
178.147,1,1,"Query:executing:SELECT d.*, r.result_hash AS run_result_hash, b.output_hash AS batch_output_hash
        FROM em_prediction_display d
        LEFT JOIN em_prediction_run r ON r",
179.162,1,1,"Query:executing:SELECT d.*, r.result_hash AS run_result_hash, b.output_hash AS batch_output_hash
        FROM em_prediction_display d
        LEFT JOIN em_prediction_run r ON r",
