operation,phase,repetition,status,elapsedMs,scale,targetCount,startedAt,finishedAt,errorType,error
series-single-target,first,1,completed,329.055,S2,1240,2026-08-30T17:11:38.251645+00:00,2026-08-30T17:11:38.583270+00:00,,
series-single-target,warmup,1,completed,249.2376,S2,1240,2026-08-30T17:11:38.585310+00:00,2026-08-30T17:11:38.835512+00:00,,
series-single-target,warmup,2,completed,301.9975,S2,1240,2026-08-30T17:11:38.837112+00:00,2026-08-30T17:11:39.139856+00:00,,
series-single-target,warmup,3,completed,232.9534,S2,1240,2026-08-30T17:11:39.141857+00:00,2026-08-30T17:11:39.376064+00:00,,
series-single-target,warmup,4,completed,339.9479,S2,1240,2026-08-30T17:11:39.378065+00:00,2026-08-30T17:11:39.719524+00:00,,
series-single-target,warmup,5,completed,236.5614,S2,1240,2026-08-30T17:11:39.720437+00:00,2026-08-30T17:11:39.958812+00:00,,
series-single-target,measured,1,completed,199.855,S2,1240,2026-08-30T17:11:39.960852+00:00,2026-08-30T17:11:40.161971+00:00,,
series-single-target,measured,2,completed,170.8249,S2,1240,2026-08-30T17:11:40.164273+00:00,2026-08-30T17:11:40.336980+00:00,,
series-single-target,measured,3,completed,264.1762,S2,1240,2026-08-30T17:11:40.338982+00:00,2026-08-30T17:11:40.605408+00:00,,
series-single-target,measured,4,completed,207.5314,S2,1240,2026-08-30T17:11:40.606446+00:00,2026-08-30T17:11:40.814797+00:00,,
series-single-target,measured,5,completed,201.8236,S2,1240,2026-08-30T17:11:40.816797+00:00,2026-08-30T17:11:41.019949+00:00,,
series-single-target,measured,6,completed,211.7357,S2,1240,2026-08-30T17:11:41.021950+00:00,2026-08-30T17:11:41.234818+00:00,,
series-single-target,measured,7,completed,188.4743,S2,1240,2026-08-30T17:11:41.235860+00:00,2026-08-30T17:11:41.425489+00:00,,
series-single-target,measured,8,completed,97.0754,S2,1240,2026-08-30T17:11:41.427940+00:00,2026-08-30T17:11:41.526982+00:00,,
series-single-target,measured,9,completed,289.2937,S2,1240,2026-08-30T17:11:41.528987+00:00,2026-08-30T17:11:41.819568+00:00,,
series-single-target,measured,10,completed,209.9573,S2,1240,2026-08-30T17:11:41.821608+00:00,2026-08-30T17:11:42.033115+00:00,,
series-single-target,measured,11,completed,225.7873,S2,1240,2026-08-30T17:11:42.034205+00:00,2026-08-30T17:11:42.261863+00:00,,
series-single-target,measured,12,completed,217.5648,S2,1240,2026-08-30T17:11:42.262891+00:00,2026-08-30T17:11:42.482954+00:00,,
series-single-target,measured,13,completed,241.5805,S2,1240,2026-08-30T17:11:42.483959+00:00,2026-08-30T17:11:42.726934+00:00,,
series-single-target,measured,14,completed,199.0367,S2,1240,2026-08-30T17:11:42.730929+00:00,2026-08-30T17:11:42.931820+00:00,,
series-single-target,measured,15,completed,164.4109,S2,1240,2026-08-30T17:11:42.934821+00:00,2026-08-30T17:11:43.102428+00:00,,
series-single-target,measured,16,completed,196.2315,S2,1240,2026-08-30T17:11:43.104535+00:00,2026-08-30T17:11:43.303884+00:00,,
series-single-target,measured,17,completed,214.2327,S2,1240,2026-08-30T17:11:43.305862+00:00,2026-08-30T17:11:43.520817+00:00,,
series-single-target,measured,18,completed,335.9753,S2,1240,2026-08-30T17:11:43.523457+00:00,2026-08-30T17:11:43.860887+00:00,,
series-single-target,measured,19,completed,208.4033,S2,1240,2026-08-30T17:11:43.864972+00:00,2026-08-30T17:11:44.075303+00:00,,
series-single-target,measured,20,completed,292.9754,S2,1240,2026-08-30T17:11:44.077303+00:00,2026-08-30T17:11:44.371064+00:00,,
series-single-target,measured,21,completed,290.1735,S2,1240,2026-08-30T17:11:44.373066+00:00,2026-08-30T17:11:44.664921+00:00,,
series-single-target,measured,22,completed,100.7223,S2,1240,2026-08-30T17:11:44.665920+00:00,2026-08-30T17:11:44.768306+00:00,,
series-single-target,measured,23,completed,251.3414,S2,1240,2026-08-30T17:11:44.771334+00:00,2026-08-30T17:11:45.025863+00:00,,
series-single-target,measured,24,completed,165.7847,S2,1240,2026-08-30T17:11:45.029105+00:00,2026-08-30T17:11:45.196495+00:00,,
series-single-target,measured,25,completed,154.5735,S2,1240,2026-08-30T17:11:45.199503+00:00,2026-08-30T17:11:45.359291+00:00,,
series-single-target,measured,26,completed,204.6143,S2,1240,2026-08-30T17:11:45.360327+00:00,2026-08-30T17:11:45.566007+00:00,,
series-single-target,measured,27,completed,212.268,S2,1240,2026-08-30T17:11:45.569995+00:00,2026-08-30T17:11:45.784470+00:00,,
series-single-target,measured,28,completed,251.0753,S2,1240,2026-08-30T17:11:45.787471+00:00,2026-08-30T17:11:46.040496+00:00,,
series-single-target,measured,29,completed,190.7521,S2,1240,2026-08-30T17:11:46.041497+00:00,2026-08-30T17:11:46.234719+00:00,,
series-single-target,measured,30,completed,214.7465,S2,1240,2026-08-30T17:11:46.236719+00:00,2026-08-30T17:11:46.453600+00:00,,
series-full-batch,first,1,completed,4133.5553,S2,1240,2026-08-30T17:11:46.456603+00:00,2026-08-30T17:11:50.591760+00:00,,
series-full-batch,warmup,1,completed,3671.9956,S2,1240,2026-08-30T17:11:50.593801+00:00,2026-08-30T17:11:54.299163+00:00,,
series-full-batch,warmup,2,completed,3836.6356,S2,1240,2026-08-30T17:11:54.301096+00:00,2026-08-30T17:11:58.174275+00:00,,
series-full-batch,warmup,3,completed,3753.8345,S2,1240,2026-08-30T17:11:58.176294+00:00,2026-08-30T17:12:01.963083+00:00,,
series-full-batch,warmup,4,completed,3701.5009,S2,1240,2026-08-30T17:12:01.965056+00:00,2026-08-30T17:12:05.694791+00:00,,
series-full-batch,warmup,5,completed,3812.2687,S2,1240,2026-08-30T17:12:05.696790+00:00,2026-08-30T17:12:09.539433+00:00,,
series-full-batch,measured,1,completed,3760.6234,S2,1240,2026-08-30T17:12:09.541521+00:00,2026-08-30T17:12:13.326499+00:00,,
series-full-batch,measured,2,completed,3394.4295,S2,1240,2026-08-30T17:12:13.328555+00:00,2026-08-30T17:12:16.748315+00:00,,
series-full-batch,measured,3,completed,3763.9138,S2,1240,2026-08-30T17:12:16.749204+00:00,2026-08-30T17:12:20.539079+00:00,,
series-full-batch,measured,4,completed,3598.3908,S2,1240,2026-08-30T17:12:20.541090+00:00,2026-08-30T17:12:24.168836+00:00,,
series-full-batch,measured,5,completed,3532.773,S2,1240,2026-08-30T17:12:24.170824+00:00,2026-08-30T17:12:27.726932+00:00,,
series-full-batch,measured,6,completed,3786.3566,S2,1240,2026-08-30T17:12:27.728930+00:00,2026-08-30T17:12:31.544656+00:00,,
series-full-batch,measured,7,completed,3570.6072,S2,1240,2026-08-30T17:12:31.546656+00:00,2026-08-30T17:12:35.141136+00:00,,
series-full-batch,measured,8,completed,3637.657,S2,1240,2026-08-30T17:12:35.143163+00:00,2026-08-30T17:12:38.804198+00:00,,
series-full-batch,measured,9,completed,3868.8518,S2,1240,2026-08-30T17:12:38.806194+00:00,2026-08-30T17:12:42.701829+00:00,,
series-full-batch,measured,10,completed,3720.9116,S2,1240,2026-08-30T17:12:42.747457+00:00,2026-08-30T17:12:46.498028+00:00,,
series-full-batch,measured,11,completed,3529.6684,S2,1240,2026-08-30T17:12:46.499693+00:00,2026-08-30T17:12:50.053999+00:00,,
series-full-batch,measured,12,completed,3674.6528,S2,1240,2026-08-30T17:12:50.055929+00:00,2026-08-30T17:12:53.758606+00:00,,
series-full-batch,measured,13,completed,3700.9099,S2,1240,2026-08-30T17:12:53.761884+00:00,2026-08-30T17:12:57.487346+00:00,,
series-full-batch,measured,14,completed,3521.4298,S2,1240,2026-08-30T17:12:57.489345+00:00,2026-08-30T17:13:01.034781+00:00,,
series-full-batch,measured,15,completed,3812.4811,S2,1240,2026-08-30T17:13:01.036774+00:00,2026-08-30T17:13:04.873497+00:00,,
series-full-batch,measured,16,completed,3694.3951,S2,1240,2026-08-30T17:13:04.875495+00:00,2026-08-30T17:13:08.593849+00:00,,
series-full-batch,measured,17,completed,3632.6613,S2,1240,2026-08-30T17:13:08.595850+00:00,2026-08-30T17:13:12.250838+00:00,,
series-full-batch,measured,18,completed,3770.2767,S2,1240,2026-08-30T17:13:12.253462+00:00,2026-08-30T17:13:16.047196+00:00,,
series-full-batch,measured,19,completed,3595.4268,S2,1240,2026-08-30T17:13:16.049191+00:00,2026-08-30T17:13:19.670190+00:00,,
series-full-batch,measured,20,completed,3570.9205,S2,1240,2026-08-30T17:13:19.672187+00:00,2026-08-30T17:13:23.266053+00:00,,
series-full-batch,measured,21,completed,3906.7586,S2,1240,2026-08-30T17:13:23.268075+00:00,2026-08-30T17:13:27.198439+00:00,,
series-full-batch,measured,22,completed,3718.9292,S2,1240,2026-08-30T17:13:27.200444+00:00,2026-08-30T17:13:30.943561+00:00,,
series-full-batch,measured,23,completed,3567.4831,S2,1240,2026-08-30T17:13:30.945626+00:00,2026-08-30T17:13:34.536946+00:00,,
series-full-batch,measured,24,completed,3860.1518,S2,1240,2026-08-30T17:13:34.539951+00:00,2026-08-30T17:13:38.426251+00:00,,
series-full-batch,measured,25,completed,3813.2826,S2,1240,2026-08-30T17:13:38.428225+00:00,2026-08-30T17:13:42.265219+00:00,,
series-full-batch,measured,26,completed,3649.0631,S2,1240,2026-08-30T17:13:42.267213+00:00,2026-08-30T17:13:45.938300+00:00,,
series-full-batch,measured,27,completed,3757.7836,S2,1240,2026-08-30T17:13:45.940192+00:00,2026-08-30T17:13:49.725228+00:00,,
series-full-batch,measured,28,completed,3672.5141,S2,1240,2026-08-30T17:13:49.727227+00:00,2026-08-30T17:13:53.426949+00:00,,
series-full-batch,measured,29,completed,3625.0107,S2,1240,2026-08-30T17:13:53.428950+00:00,2026-08-30T17:13:57.078507+00:00,,
series-full-batch,measured,30,completed,3845.0824,S2,1240,2026-08-30T17:13:57.081608+00:00,2026-08-30T17:14:00.952328+00:00,,
gate-inspect,first,1,failed,180007.6622,S2,1240,2026-08-30T17:14:00.983810+00:00,2026-08-30T17:17:00.994160+00:00,TimeoutError,timed out
